<?xml version="1.0" encoding="UTF-8" standalone="yes"?>
<addon id="repository.phagevault" name="Phage Vault Repository" version="0.0.2" provider-name="phage-zn">
    <extension point="xbmc.addon.repository" name="Phage Vault Repository">
        <dir>
            <info compressed="false">https://raw.githubusercontent.com/phagevault/phagevault.github.io/master/repo/zips/addons.xml</info>
            <checksum>https://raw.githubusercontent.com/phagevault/phagevault.github.io/master/repo/zips/addons.xml.md5</checksum>
            <datadir zip="true">https://raw.githubusercontent.com/phagevault/phagevault.github.io/master/repo/zips/</datadir>
        </dir>
    </extension>
    <extension point="xbmc.addon.metadata">
        <summary>Phage Vault Repository</summary>
        <description>A repo of addons created/forked by phage-zn</description>
        <disclaimer></disclaimer>
        <platform>all</platform>
        <assets>
            <icon>icon.png</icon>
            <fanart>fanart.png</fanart>
        </assets>
    </extension>
</addon>
